-- MySQL Script generated by MySQL Workbench
-- lun 26 abr 2021 12:54:04 CEST
-- Model: New Model    Version: 1.0
-- MySQL Workbench Forward Engineering

SET @OLD_UNIQUE_CHECKS=@@UNIQUE_CHECKS, UNIQUE_CHECKS=0;
SET @OLD_FOREIGN_KEY_CHECKS=@@FOREIGN_KEY_CHECKS, FOREIGN_KEY_CHECKS=0;
SET @OLD_SQL_MODE=@@SQL_MODE, SQL_MODE='ONLY_FULL_GROUP_BY,STRICT_TRANS_TABLES,NO_ZERO_IN_DATE,NO_ZERO_DATE,ERROR_FOR_DIVISION_BY_ZERO,NO_ENGINE_SUBSTITUTION';

-- -----------------------------------------------------
-- Schema Teatro
-- -----------------------------------------------------

-- -----------------------------------------------------
-- Schema Teatro
-- -----------------------------------------------------
CREATE SCHEMA IF NOT EXISTS `Teatro` ;
USE `Teatro` ;

-- -----------------------------------------------------
-- Table `Teatro`.`Franquicia`
-- -----------------------------------------------------
CREATE TABLE IF NOT EXISTS `Teatro`.`Franquicia` (
  `idFranquicia` INT NOT NULL AUTO_INCREMENT,
  `fechaCreacion` DATE NOT NULL,
  `ubicacion` VARCHAR(80) NOT NULL,
  `accesibilidad` TINYINT(1) NOT NULL,
  PRIMARY KEY (`idFranquicia`))
ENGINE = InnoDB;


-- -----------------------------------------------------
-- Table `Teatro`.`Nonima`
-- -----------------------------------------------------
CREATE TABLE IF NOT EXISTS `Teatro`.`Nonima` (
  `idNonima` INT NOT NULL AUTO_INCREMENT,
  `mesyano` DATE NOT NULL,
  `idSecretariado` INT NOT NULL,
  `idDireccion` INT NOT NULL,
  PRIMARY KEY (`idNonima`))
ENGINE = InnoDB;


-- -----------------------------------------------------
-- Table `Teatro`.`Empleado`
-- -----------------------------------------------------
CREATE TABLE IF NOT EXISTS `Teatro`.`Empleado` (
  `idEmpleado` INT NOT NULL AUTO_INCREMENT,
  `nombre` VARCHAR(45) NOT NULL,
  `apellido` VARCHAR(45) NOT NULL,
  `nif` CHAR(9) NOT NULL,
  `direccion` VARCHAR(45) NOT NULL,
  `telefono` CHAR(9) NOT NULL,
  `idFranquicia` INT NOT NULL,
  `idNonima` INT NOT NULL,
  PRIMARY KEY (`idEmpleado`),
  INDEX `fk_Empleado_Franquicia_idx` (`idFranquicia` ASC) VISIBLE,
  INDEX `fk_Empleado_Nonima1_idx` (`idNonima` ASC) VISIBLE,
  CONSTRAINT `fk_Empleado_Franquicia`
    FOREIGN KEY (`idFranquicia`)
    REFERENCES `Teatro`.`Franquicia` (`idFranquicia`)
    ON DELETE NO ACTION
    ON UPDATE NO ACTION,
  CONSTRAINT `fk_Empleado_Nonima1`
    FOREIGN KEY (`idNonima`)
    REFERENCES `Teatro`.`Nonima` (`idNonima`)
    ON DELETE NO ACTION
    ON UPDATE NO ACTION)
ENGINE = InnoDB;


-- -----------------------------------------------------
-- Table `Teatro`.`GrupoDeTrabajo`
-- -----------------------------------------------------
CREATE TABLE IF NOT EXISTS `Teatro`.`GrupoDeTrabajo` (
  `idGrupoDeTrabajo` INT NOT NULL AUTO_INCREMENT,
  `semana` INT NULL,
  `mes` INT NULL,
  `idFranquicia` INT NOT NULL,
  PRIMARY KEY (`idGrupoDeTrabajo`),
  INDEX `fk_GrupoDeTrabajo_Franquicia1_idx` (`idFranquicia` ASC) VISIBLE,
  CONSTRAINT `fk_Grupo De Trabajo_Franquicia2`
    FOREIGN KEY (`idFranquicia`)
    REFERENCES `Teatro`.`Franquicia` (`idFranquicia`)
    ON DELETE NO ACTION
    ON UPDATE NO ACTION)
ENGINE = InnoDB;


-- -----------------------------------------------------
-- Table `Teatro`.`EmpleadoDeTeatro`
-- -----------------------------------------------------
CREATE TABLE IF NOT EXISTS `Teatro`.`EmpleadoDeTeatro` (
  `idEmpleadoDeTeatro` INT NOT NULL,
  `categoria` CHAR(1) NOT NULL,
  `idGrupoDeTrabajo` INT NOT NULL,
  PRIMARY KEY (`idEmpleadoDeTeatro`),
  INDEX `fk_EmpleadoDeTeatro_Empleado1_idx` (`idEmpleadoDeTeatro` ASC) VISIBLE,
  INDEX `fk_EmpleadoDeTeatro_GrupoDeTrabajo1_idx` (`idGrupoDeTrabajo` ASC) VISIBLE,
  CONSTRAINT `fk_EmpleadoDeTeatro_Empleado1`
    FOREIGN KEY (`idEmpleadoDeTeatro`)
    REFERENCES `Teatro`.`Empleado` (`idEmpleado`)
    ON DELETE NO ACTION
    ON UPDATE NO ACTION,
  CONSTRAINT `fk_EmpleadoDeTeatro_GrupoDeTrabajo1`
    FOREIGN KEY (`idGrupoDeTrabajo`)
    REFERENCES `Teatro`.`GrupoDeTrabajo` (`idGrupoDeTrabajo`)
    ON DELETE CASCADE
    ON UPDATE CASCADE)
ENGINE = InnoDB;


-- -----------------------------------------------------
-- Table `Teatro`.`EmpleadoDeOficina`
-- -----------------------------------------------------
CREATE TABLE IF NOT EXISTS `Teatro`.`EmpleadoDeOficina` (
  `idEmpleadoDeOficina` INT NOT NULL,
  `aniosPlantilla` INT NULL,
  PRIMARY KEY (`idEmpleadoDeOficina`),
  INDEX `fk_EmpleadoDeOficina_Empleado1_idx` (`idEmpleadoDeOficina` ASC) VISIBLE,
  CONSTRAINT `fk_EmpleadoDeOficina_Empleado1`
    FOREIGN KEY (`idEmpleadoDeOficina`)
    REFERENCES `Teatro`.`Empleado` (`idEmpleado`)
    ON DELETE NO ACTION
    ON UPDATE NO ACTION)
ENGINE = InnoDB;


-- -----------------------------------------------------
-- Table `Teatro`.`Usuario`
-- -----------------------------------------------------
CREATE TABLE IF NOT EXISTS `Teatro`.`Usuario` (
  `idUsuario` INT NOT NULL AUTO_INCREMENT,
  `nombre` VARCHAR(45) NOT NULL,
  `apellido` VARCHAR(45) NOT NULL,
  `nif` CHAR(9) NOT NULL,
  `telefono` CHAR(9) NOT NULL,
  `email` VARCHAR(45) NOT NULL,
  PRIMARY KEY (`idUsuario`))
ENGINE = InnoDB;


-- -----------------------------------------------------
-- Table `Teatro`.`Bono`
-- -----------------------------------------------------
CREATE TABLE IF NOT EXISTS `Teatro`.`Bono` (
  `idBono` INT NOT NULL AUTO_INCREMENT,
  `mes` INT NOT NULL,
  `tipo` CHAR(1) NOT NULL,
  `idUsuario` INT NOT NULL,
  PRIMARY KEY (`idBono`, `idUsuario`),
  INDEX `fk_Bono_Usuario1_idx` (`idUsuario` ASC) VISIBLE,
  CONSTRAINT `fk_Bono_Usuario1`
    FOREIGN KEY (`idUsuario`)
    REFERENCES `Teatro`.`Usuario` (`idUsuario`)
    ON DELETE NO ACTION
    ON UPDATE NO ACTION)
ENGINE = InnoDB;


-- -----------------------------------------------------
-- Table `Teatro`.`Beneficio`
-- -----------------------------------------------------
CREATE TABLE IF NOT EXISTS `Teatro`.`Beneficio` (
  `idBeneficio` INT NOT NULL AUTO_INCREMENT,
  `fecha` DATE NOT NULL,
  `importe` DOUBLE NOT NULL,
  `reporte` DOUBLE NOT NULL,
  `idBono` INT NULL,
  `idTaquillero` INT NULL,
  PRIMARY KEY (`idBeneficio`),
  INDEX `fk_Beneficio_Bono1_idx` (`idBono` ASC) VISIBLE,
  CONSTRAINT `fk_Beneficio_Bono1`
    FOREIGN KEY (`idBono`)
    REFERENCES `Teatro`.`Bono` (`idBono`)
    ON DELETE NO ACTION
    ON UPDATE NO ACTION)
ENGINE = InnoDB;


-- -----------------------------------------------------
-- Table `Teatro`.`Coste`
-- -----------------------------------------------------
CREATE TABLE IF NOT EXISTS `Teatro`.`Coste` (
  `idCoste` INT NOT NULL AUTO_INCREMENT,
  `fecha` DATE NOT NULL,
  `importe` DOUBLE NOT NULL,
  `idLimpieza` INT NULL,
  `idNomina` INT NULL,
  `idAcomodador` INT NULL,
  PRIMARY KEY (`idCoste`),
  INDEX `fk_Coste_Nonima1_idx` (`idNomina` ASC) VISIBLE,
  CONSTRAINT `fk_Coste_Nonima1`
    FOREIGN KEY (`idNomina`)
    REFERENCES `Teatro`.`Nonima` (`idNonima`)
    ON DELETE NO ACTION
    ON UPDATE NO ACTION)
ENGINE = InnoDB;


-- -----------------------------------------------------
-- Table `Teatro`.`Informe`
-- -----------------------------------------------------
CREATE TABLE IF NOT EXISTS `Teatro`.`Informe` (
  `idInforme` INT NOT NULL AUTO_INCREMENT,
  `mesyano` DATE NOT NULL,
  `balance` DOUBLE NOT NULL,
  `idSecretariado` INT NOT NULL,
  `idFranquicia` INT NOT NULL,
  `idCoste` INT NOT NULL,
  `idBeneficio` INT NOT NULL,
  PRIMARY KEY (`idInforme`),
  INDEX `fk_Informe_Franquicia1_idx` (`idFranquicia` ASC) VISIBLE,
  INDEX `fk_Informe_Coste1_idx` (`idCoste` ASC) VISIBLE,
  INDEX `fk_Informe_Beneficio1_idx` (`idBeneficio` ASC) VISIBLE,
  CONSTRAINT `fk_Informe_Franquicia1`
    FOREIGN KEY (`idFranquicia`)
    REFERENCES `Teatro`.`Franquicia` (`idFranquicia`)
    ON DELETE NO ACTION
    ON UPDATE NO ACTION,
  CONSTRAINT `fk_Informe_Coste1`
    FOREIGN KEY (`idCoste`)
    REFERENCES `Teatro`.`Coste` (`idCoste`)
    ON DELETE NO ACTION
    ON UPDATE NO ACTION,
  CONSTRAINT `fk_Informe_Beneficio1`
    FOREIGN KEY (`idBeneficio`)
    REFERENCES `Teatro`.`Beneficio` (`idBeneficio`)
    ON DELETE NO ACTION
    ON UPDATE NO ACTION)
ENGINE = InnoDB;


-- -----------------------------------------------------
-- Table `Teatro`.`Taquillero`
-- -----------------------------------------------------
CREATE TABLE IF NOT EXISTS `Teatro`.`Taquillero` (
  `idTaquillero` INT NOT NULL,
  PRIMARY KEY (`idTaquillero`),
  INDEX `fk_Taquillero_EmpleadoDeTeatro1_idx` (`idTaquillero` ASC) VISIBLE,
  CONSTRAINT `fk_Taquillero_EmpleadoDeTeatro1`
    FOREIGN KEY (`idTaquillero`)
    REFERENCES `Teatro`.`EmpleadoDeTeatro` (`idEmpleadoDeTeatro`)
    ON DELETE CASCADE
    ON UPDATE CASCADE)
ENGINE = InnoDB;


-- -----------------------------------------------------
-- Table `Teatro`.`Limpieza`
-- -----------------------------------------------------
CREATE TABLE IF NOT EXISTS `Teatro`.`Limpieza` (
  `idLimpieza` INT NOT NULL,
  PRIMARY KEY (`idLimpieza`),
  INDEX `fk_Limpieza_EmpleadoDeTeatro1_idx` (`idLimpieza` ASC) VISIBLE,
  CONSTRAINT `fk_Limpieza_EmpleadoDeTeatro1`
    FOREIGN KEY (`idLimpieza`)
    REFERENCES `Teatro`.`EmpleadoDeTeatro` (`idEmpleadoDeTeatro`)
    ON DELETE NO ACTION
    ON UPDATE NO ACTION)
ENGINE = InnoDB;


-- -----------------------------------------------------
-- Table `Teatro`.`Acomodador`
-- -----------------------------------------------------
CREATE TABLE IF NOT EXISTS `Teatro`.`Acomodador` (
  `idAcomodador` INT NOT NULL,
  PRIMARY KEY (`idAcomodador`),
  INDEX `fk_Acomodador_EmpleadoDeTeatro1_idx` (`idAcomodador` ASC) VISIBLE,
  CONSTRAINT `fk_Acomodador_EmpleadoDeTeatro1`
    FOREIGN KEY (`idAcomodador`)
    REFERENCES `Teatro`.`EmpleadoDeTeatro` (`idEmpleadoDeTeatro`)
    ON DELETE NO ACTION
    ON UPDATE NO ACTION)
ENGINE = InnoDB;


-- -----------------------------------------------------
-- Table `Teatro`.`Direccion`
-- -----------------------------------------------------
CREATE TABLE IF NOT EXISTS `Teatro`.`Direccion` (
  `idDireccion` INT NOT NULL,
  `aniosCargo` INT NULL,
  PRIMARY KEY (`idDireccion`),
  INDEX `fk_Direccion_EmpleadoDeOficina1_idx` (`idDireccion` ASC) VISIBLE,
  CONSTRAINT `fk_Direccion_EmpleadoDeOficina1`
    FOREIGN KEY (`idDireccion`)
    REFERENCES `Teatro`.`EmpleadoDeOficina` (`idEmpleadoDeOficina`)
    ON DELETE NO ACTION
    ON UPDATE NO ACTION)
ENGINE = InnoDB;


-- -----------------------------------------------------
-- Table `Teatro`.`Secretariado`
-- -----------------------------------------------------
CREATE TABLE IF NOT EXISTS `Teatro`.`Secretariado` (
  `idSecretariado` INT NOT NULL,
  PRIMARY KEY (`idSecretariado`),
  INDEX `fk_Secretariado_EmpleadoDeOficina1_idx` (`idSecretariado` ASC) VISIBLE,
  CONSTRAINT `fk_Secretariado_EmpleadoDeOficina1`
    FOREIGN KEY (`idSecretariado`)
    REFERENCES `Teatro`.`EmpleadoDeOficina` (`idEmpleadoDeOficina`)
    ON DELETE NO ACTION
    ON UPDATE NO ACTION)
ENGINE = InnoDB;


SET SQL_MODE=@OLD_SQL_MODE;
SET FOREIGN_KEY_CHECKS=@OLD_FOREIGN_KEY_CHECKS;
SET UNIQUE_CHECKS=@OLD_UNIQUE_CHECKS;

-- -----------------------------------------------------
-- Data for table `Teatro`.`Franquicia`
-- -----------------------------------------------------
START TRANSACTION;
USE `Teatro`;
INSERT INTO `Teatro`.`Franquicia` (`idFranquicia`, `fechaCreacion`, `ubicacion`, `accesibilidad`) VALUES (DEFAULT, '2010/10/20', 'Santander', 1);
INSERT INTO `Teatro`.`Franquicia` (`idFranquicia`, `fechaCreacion`, `ubicacion`, `accesibilidad`) VALUES (DEFAULT, '2015/05/20', 'Valencia', 0);
INSERT INTO `Teatro`.`Franquicia` (`idFranquicia`, `fechaCreacion`, `ubicacion`, `accesibilidad`) VALUES (DEFAULT, '2020/09/21', 'Madrid', 1);

COMMIT;


-- -----------------------------------------------------
-- Data for table `Teatro`.`Nonima`
-- -----------------------------------------------------
START TRANSACTION;
USE `Teatro`;
INSERT INTO `Teatro`.`Nonima` (`idNonima`, `mesyano`, `idSecretariado`, `idDireccion`) VALUES (DEFAULT, '2020/05/27', 7, 5);
INSERT INTO `Teatro`.`Nonima` (`idNonima`, `mesyano`, `idSecretariado`, `idDireccion`) VALUES (DEFAULT, '2021/09/06', 6, 5);
INSERT INTO `Teatro`.`Nonima` (`idNonima`, `mesyano`, `idSecretariado`, `idDireccion`) VALUES (DEFAULT, '2021/05/20', 6, 5);

COMMIT;


-- -----------------------------------------------------
-- Data for table `Teatro`.`Empleado`
-- -----------------------------------------------------
START TRANSACTION;
USE `Teatro`;
INSERT INTO `Teatro`.`Empleado` (`idEmpleado`, `nombre`, `apellido`, `nif`, `direccion`, `telefono`, `idFranquicia`, `idNonima`) VALUES (DEFAULT, 'Stefan', 'Olmo', '12345678A', 'Montenegro', '978654123', 1, 1);
INSERT INTO `Teatro`.`Empleado` (`idEmpleado`, `nombre`, `apellido`, `nif`, `direccion`, `telefono`, `idFranquicia`, `idNonima`) VALUES (DEFAULT, 'Daniel', 'Garcia', '97865412B', 'Santander', '456123788', 2, 2);
INSERT INTO `Teatro`.`Empleado` (`idEmpleado`, `nombre`, `apellido`, `nif`, `direccion`, `telefono`, `idFranquicia`, `idNonima`) VALUES (DEFAULT, 'Juan', 'Perez', '78945612A', 'Madrid', '789456126', 3, 3);
INSERT INTO `Teatro`.`Empleado` (`idEmpleado`, `nombre`, `apellido`, `nif`, `direccion`, `telefono`, `idFranquicia`, `idNonima`) VALUES (DEFAULT, 'Alex', 'Perez', '98745612A', 'Ramales', '897456245', 1, 2);
INSERT INTO `Teatro`.`Empleado` (`idEmpleado`, `nombre`, `apellido`, `nif`, `direccion`, `telefono`, `idFranquicia`, `idNonima`) VALUES (DEFAULT, 'Guillermo', 'Illera', '78945612K', 'Laredo', '789456123', 2, 1);
INSERT INTO `Teatro`.`Empleado` (`idEmpleado`, `nombre`, `apellido`, `nif`, `direccion`, `telefono`, `idFranquicia`, `idNonima`) VALUES (DEFAULT, 'Sandra', 'Burgos', '78956789K', 'Castro', '794561235', 3, 3);
INSERT INTO `Teatro`.`Empleado` (`idEmpleado`, `nombre`, `apellido`, `nif`, `direccion`, `telefono`, `idFranquicia`, `idNonima`) VALUES (DEFAULT, 'Mario', 'Araujo', '78945612A', 'Laredo', '897459323', 1, 1);
INSERT INTO `Teatro`.`Empleado` (`idEmpleado`, `nombre`, `apellido`, `nif`, `direccion`, `telefono`, `idFranquicia`, `idNonima`) VALUES (DEFAULT, 'Sergio', 'Sierra', '78945612P', 'Salamanca', '789656123', 2, 2);
INSERT INTO `Teatro`.`Empleado` (`idEmpleado`, `nombre`, `apellido`, `nif`, `direccion`, `telefono`, `idFranquicia`, `idNonima`) VALUES (DEFAULT, 'Esteban', 'Calvo', '78945619V', 'Zaragoza', '456189364', 3, 3);
INSERT INTO `Teatro`.`Empleado` (`idEmpleado`, `nombre`, `apellido`, `nif`, `direccion`, `telefono`, `idFranquicia`, `idNonima`) VALUES (DEFAULT, 'Diego', 'Smolov', '89456915H', 'Serbia', '987451384', 1, 1);

COMMIT;


-- -----------------------------------------------------
-- Data for table `Teatro`.`GrupoDeTrabajo`
-- -----------------------------------------------------
START TRANSACTION;
USE `Teatro`;
INSERT INTO `Teatro`.`GrupoDeTrabajo` (`idGrupoDeTrabajo`, `semana`, `mes`, `idFranquicia`) VALUES (DEFAULT, 2, 3, 1);
INSERT INTO `Teatro`.`GrupoDeTrabajo` (`idGrupoDeTrabajo`, `semana`, `mes`, `idFranquicia`) VALUES (DEFAULT, 2, 7, 2);

COMMIT;


-- -----------------------------------------------------
-- Data for table `Teatro`.`EmpleadoDeTeatro`
-- -----------------------------------------------------
START TRANSACTION;
USE `Teatro`;
INSERT INTO `Teatro`.`EmpleadoDeTeatro` (`idEmpleadoDeTeatro`, `categoria`, `idGrupoDeTrabajo`) VALUES (1, 'A', 1);
INSERT INTO `Teatro`.`EmpleadoDeTeatro` (`idEmpleadoDeTeatro`, `categoria`, `idGrupoDeTrabajo`) VALUES (2, 'B', 2);
INSERT INTO `Teatro`.`EmpleadoDeTeatro` (`idEmpleadoDeTeatro`, `categoria`, `idGrupoDeTrabajo`) VALUES (3, 'C', 1);
INSERT INTO `Teatro`.`EmpleadoDeTeatro` (`idEmpleadoDeTeatro`, `categoria`, `idGrupoDeTrabajo`) VALUES (4, 'D', 2);
INSERT INTO `Teatro`.`EmpleadoDeTeatro` (`idEmpleadoDeTeatro`, `categoria`, `idGrupoDeTrabajo`) VALUES (8, 'A', 1);
INSERT INTO `Teatro`.`EmpleadoDeTeatro` (`idEmpleadoDeTeatro`, `categoria`, `idGrupoDeTrabajo`) VALUES (9, 'B', 2);
INSERT INTO `Teatro`.`EmpleadoDeTeatro` (`idEmpleadoDeTeatro`, `categoria`, `idGrupoDeTrabajo`) VALUES (10, 'C', 1);

COMMIT;


-- -----------------------------------------------------
-- Data for table `Teatro`.`EmpleadoDeOficina`
-- -----------------------------------------------------
START TRANSACTION;
USE `Teatro`;
INSERT INTO `Teatro`.`EmpleadoDeOficina` (`idEmpleadoDeOficina`, `aniosPlantilla`) VALUES (8, 10);
INSERT INTO `Teatro`.`EmpleadoDeOficina` (`idEmpleadoDeOficina`, `aniosPlantilla`) VALUES (6, 2);
INSERT INTO `Teatro`.`EmpleadoDeOficina` (`idEmpleadoDeOficina`, `aniosPlantilla`) VALUES (7, 8);

COMMIT;


-- -----------------------------------------------------
-- Data for table `Teatro`.`Usuario`
-- -----------------------------------------------------
START TRANSACTION;
USE `Teatro`;
INSERT INTO `Teatro`.`Usuario` (`idUsuario`, `nombre`, `apellido`, `nif`, `telefono`, `email`) VALUES (DEFAULT, 'guillermo', 'illera', '98765432A', '456123789', 'guillermo@guillermo.com');
INSERT INTO `Teatro`.`Usuario` (`idUsuario`, `nombre`, `apellido`, `nif`, `telefono`, `email`) VALUES (DEFAULT, 'alex', 'perez', '78945613J', '789456123', 'alex@alex.com');
INSERT INTO `Teatro`.`Usuario` (`idUsuario`, `nombre`, `apellido`, `nif`, `telefono`, `email`) VALUES (DEFAULT, 'sandra', 'burgos', '123456789', '789123456', 'sandra@sandra.com');

COMMIT;


-- -----------------------------------------------------
-- Data for table `Teatro`.`Bono`
-- -----------------------------------------------------
START TRANSACTION;
USE `Teatro`;
INSERT INTO `Teatro`.`Bono` (`idBono`, `mes`, `tipo`, `idUsuario`) VALUES (1, 5, 'P', 1);
INSERT INTO `Teatro`.`Bono` (`idBono`, `mes`, `tipo`, `idUsuario`) VALUES (2, 3, 'C', 2);

COMMIT;


-- -----------------------------------------------------
-- Data for table `Teatro`.`Beneficio`
-- -----------------------------------------------------
START TRANSACTION;
USE `Teatro`;
INSERT INTO `Teatro`.`Beneficio` (`idBeneficio`, `fecha`, `importe`, `reporte`, `idBono`, `idTaquillero`) VALUES (DEFAULT, '2019/09/14', 20.65, 684.25, 1, 1);
INSERT INTO `Teatro`.`Beneficio` (`idBeneficio`, `fecha`, `importe`, `reporte`, `idBono`, `idTaquillero`) VALUES (DEFAULT, '2014/06/08', 25.84, 957.03, 2, 4);

COMMIT;


-- -----------------------------------------------------
-- Data for table `Teatro`.`Coste`
-- -----------------------------------------------------
START TRANSACTION;
USE `Teatro`;
INSERT INTO `Teatro`.`Coste` (`idCoste`, `fecha`, `importe`, `idLimpieza`, `idNomina`, `idAcomodador`) VALUES (DEFAULT, '2021/05/16', 26.95, 5, NULL, NULL);
INSERT INTO `Teatro`.`Coste` (`idCoste`, `fecha`, `importe`, `idLimpieza`, `idNomina`, `idAcomodador`) VALUES (DEFAULT, '2020/12/31', 59.92, NULL, 1, NULL);
INSERT INTO `Teatro`.`Coste` (`idCoste`, `fecha`, `importe`, `idLimpieza`, `idNomina`, `idAcomodador`) VALUES (DEFAULT, '2018/09/19', 35.64, NULL, NULL, 2);

COMMIT;


-- -----------------------------------------------------
-- Data for table `Teatro`.`Informe`
-- -----------------------------------------------------
START TRANSACTION;
USE `Teatro`;
INSERT INTO `Teatro`.`Informe` (`idInforme`, `mesyano`, `balance`, `idSecretariado`, `idFranquicia`, `idCoste`, `idBeneficio`) VALUES (DEFAULT, '2020/05/16', 958.845, 6, 1, 1, 2);
INSERT INTO `Teatro`.`Informe` (`idInforme`, `mesyano`, `balance`, `idSecretariado`, `idFranquicia`, `idCoste`, `idBeneficio`) VALUES (DEFAULT, '2015/06/17', 156.8, 7, 2, 2, 1);

COMMIT;


-- -----------------------------------------------------
-- Data for table `Teatro`.`Taquillero`
-- -----------------------------------------------------
START TRANSACTION;
USE `Teatro`;
INSERT INTO `Teatro`.`Taquillero` (`idTaquillero`) VALUES (1);
INSERT INTO `Teatro`.`Taquillero` (`idTaquillero`) VALUES (10);
INSERT INTO `Teatro`.`Taquillero` (`idTaquillero`) VALUES (4);

COMMIT;


-- -----------------------------------------------------
-- Data for table `Teatro`.`Limpieza`
-- -----------------------------------------------------
START TRANSACTION;
USE `Teatro`;
INSERT INTO `Teatro`.`Limpieza` (`idLimpieza`) VALUES (3);
INSERT INTO `Teatro`.`Limpieza` (`idLimpieza`) VALUES (8);

COMMIT;


-- -----------------------------------------------------
-- Data for table `Teatro`.`Acomodador`
-- -----------------------------------------------------
START TRANSACTION;
USE `Teatro`;
INSERT INTO `Teatro`.`Acomodador` (`idAcomodador`) VALUES (2);
INSERT INTO `Teatro`.`Acomodador` (`idAcomodador`) VALUES (9);

COMMIT;


-- -----------------------------------------------------
-- Data for table `Teatro`.`Direccion`
-- -----------------------------------------------------
START TRANSACTION;
USE `Teatro`;
INSERT INTO `Teatro`.`Direccion` (`idDireccion`, `aniosCargo`) VALUES (8, 10);

COMMIT;


-- -----------------------------------------------------
-- Data for table `Teatro`.`Secretariado`
-- -----------------------------------------------------
START TRANSACTION;
USE `Teatro`;
INSERT INTO `Teatro`.`Secretariado` (`idSecretariado`) VALUES (6);
INSERT INTO `Teatro`.`Secretariado` (`idSecretariado`) VALUES (7);

COMMIT;

